{
    "gamma": 0.995,
    "learning_rate": 0.01081103699749084,
    "batch_size": 2048,
    "buffer_size": 1000000,
    "tau": 0.05,
    "train_freq": 128,
    "noise_type": "normal",
    "noise_std": 0.37943538784049924,
    "net_arch": "small"
}