{
    "gamma": 0.999,
    "learning_rate": 0.014067027725851888,
    "batch_size": 2048,
    "buffer_size": 1000000,
    "tau": 0.05,
    "train_freq": 64,
    "noise_type": "normal",
    "noise_std": 0.10261031168216346,
    "net_arch": "small"
}