{
    "gamma": 0.995,
    "learning_rate": 0.0015906073976169391,
    "batch_size": 2048,
    "buffer_size": 1000000,
    "tau": 0.05,
    "train_freq": 64,
    "noise_type": "normal",
    "noise_std": 0.4574696924049114,
    "net_arch": "small"
}